Class,Count,Percentage
Excellent,11353,75.9093340465365
Bon,2692,17.999465097619684
Moyen,144,0.9628242845680663
Critique,767,5.1283765712757425
